source_code,source_concept_id,source_vocabulary_id,source_code_description,target_concept_id,target_vocabulary_id,valid_start_date,valid_end_date,invalid_reason
1002,0,,Asma,317009,SNOMED,1970-01-01,2099-12-31,
0404,0,,Obesidad,433736,SNOMED,1970-01-01,2099-12-31,
1302,0,,Artrosis/espondilosis,4227449,SNOMED,1970-01-01,2099-12-31,
1301,0,,Osteoporosis,80502,SNOMED,1970-01-01,2099-12-31,
1401,0,,Insuficiencia renal crónica,36716947,SNOMED,1970-01-01,2099-12-31,
1102,0,,Esteatosis hepática,4059290,SNOMED,1970-01-01,2099-12-31,
0509,0,,Otro trastorno funcional,4302528,SNOMED,1970-01-01,2099-12-31,
0911,0,,Enfermedad valvular adquirida,4139556,SNOMED,1970-01-01,2099-12-31,
0403,0,,Hipotiroidismo,140673,SNOMED,1970-01-01,2099-12-31,
0212,0,,Cáncer de cuello uterino,4112314,SNOMED,1970-01-01,2099-12-31,
0906,0,,Arteriopatía de extremidades,4178956,SNOMED,1970-01-01,2099-12-31,
1999,0,,Amputacion,4096479,SNOMED,1970-01-01,2099-12-31,
1304,0,,Otra artropatía,73553,SNOMED,1970-01-01,2099-12-31,
1104,0,,Enfermedad por reflujo gastroesofágico,318800,SNOMED,1970-01-01,2099-12-31,
1202,0,,Dermatitis atópica,133834,SNOMED,1970-01-01,2099-12-31,
0701,0,,Degeneración macular asociada a la edad,374028,SNOMED,1970-01-01,2099-12-31,
0913,0,,Hipertensión,316866,SNOMED,1970-01-01,2099-12-31,
0214,0,,Cáncer de próstata,4163261,SNOMED,1970-01-01,2099-12-31,
1103,0,,Cirrosis hepática,4064161,SNOMED,1970-01-01,2099-12-31,
1402,0,,Litiasis urinaria,4319447,SNOMED,1970-01-01,2099-12-31,
1101,0,,Hepatopatía crónica excepto cirrosis,194984,SNOMED,1970-01-01,2099-12-31,
1106,0,,Síndrome de malabsorción e intolerancia alimenticia,4138253,SNOMED,1970-01-01,2099-12-31,
0501,0,,Otro trastorno mental orgánico,374009,SNOMED,1970-01-01,2099-12-31,
0601,0,,Epilepsia,380378,SNOMED,1970-01-01,2099-12-31,
0213,0,,Cáncer de ovario,4181351,SNOMED,1970-01-01,2099-12-31,
0505,0,,Trastorno esquizofrénico,4100365,SNOMED,1970-01-01,2099-12-31,
1001,0,,EPOC,4046986,SNOMED,1970-01-01,2099-12-31,
1201,0,,Psoriasis,140168,SNOMED,1970-01-01,2099-12-31,
0908,0,,Aneurisma arterias aorta periféricas y viscerales,43021868,SNOMED,1970-01-01,2099-12-31,
0508,0,,Trastorno conducta alimentaria,439002,SNOMED,1970-01-01,2099-12-31,
1303,0,,Gota y otras artropatías por cristales,80484,SNOMED,1970-01-01,2099-12-31,
0211,0,,Cáncer de útero,197230,SNOMED,1970-01-01,2099-12-31,
0502,0,,Dependencia alcohol,435243,SNOMED,1970-01-01,2099-12-31,
0914,0,,Insuficiencia cardiaca,316139,SNOMED,1970-01-01,2099-12-31,
0500,0,,Demencia,4182210,SNOMED,1970-01-01,2099-12-31,
0210,0,,Cáncer de mama,4112853,SNOMED,1970-01-01,2099-12-31,
0603,0,,Síndrome extrapiramidal,4327476,SNOMED,1970-01-01,2099-12-31,
0912,0,,Anomalía congénita cardíaca y circulatoria,312723,SNOMED,1970-01-01,2099-12-31,
1306,0,,Enfermedad del colágeno y vasculitis,255334,SNOMED,1970-01-01,2099-12-31,
0604,0,,Enfermedad neurológica con déficit motor no ACV,4130717,SNOMED,1970-01-01,2099-12-31,
0507,0,,Trastorno de ansiedad,442077,SNOMED,1970-01-01,2099-12-31,
0511,0,,Discapacidad intelectual,40277917,SNOMED,1970-01-01,2099-12-31,
1307,0,,Fibromialgia,40405599,SNOMED,1970-01-01,2099-12-31,
0905,0,,Secuela enfermedad cerebrovascular,381591,SNOMED,1970-01-01,2099-12-31,
0222,0,,Sarcoma de Kaposi,434584,SNOMED,1970-01-01,2099-12-31,
0217,0,,Cáncer de vejiga,4104155,SNOMED,1970-01-01,2099-12-31,
0703,0,,Retinopatía,378416,SNOMED,1970-01-01,2099-12-31,
1105,0,,Enteritis regional y colitis ulcerosa,81893,SNOMED,1970-01-01,2099-12-31,
0907,0,,Arteriopatía intraabdominal,40492037,SNOMED,1970-01-01,2099-12-31,
0910,0,,Cardiopatía isquémica,4185932,SNOMED,1970-01-01,2099-12-31,
0602,0,,Enfermedad de Parkinson,381270,SNOMED,1970-01-01,2099-12-31,
0402,0,,Dislipemia,4159131,SNOMED,1970-01-01,2099-12-31,
0506,0,,Trastorno estado animo,444100,SNOMED,1970-01-01,2099-12-31,
0219,0,,Linfoma no Hodgkin,4038838,SNOMED,1970-01-01,2099-12-31,
0401,0,,Diabetes,37018196,SNOMED,1970-01-01,2099-12-31,
0702,0,,Glaucoma,437541,SNOMED,1970-01-01,2099-12-31,
0503,0,,Dependencia tabaco,437264,SNOMED,1970-01-01,2099-12-31,
0909,0,,Fibrilación auricular,313217,SNOMED,1970-01-01,2099-12-31,
0514,0,,Trastorno inicio infancia adolescencia,4102978,SNOMED,1970-01-01,2099-12-31,
0512,0,,Trastorno del espectro autista,439776,SNOMED,1970-01-01,2099-12-31,
0504,0,,Dependencia otras sustancias,37165431,SNOMED,1970-01-01,2099-12-31,
0218,0,,Enfermedad de Hodgkin,4038835,SNOMED,1970-01-01,2099-12-31,
0220,0,,Leucemia,317510,SNOMED,1970-01-01,2099-12-31,
0202,0,,Cáncer de estómago,443387,SNOMED,1970-01-01,2099-12-31,
0221,0,,Cáncer inmunoproliferativo,4130200,SNOMED,1970-01-01,2099-12-31,
0101,0,,VIH,439727,SNOMED,1970-01-01,2099-12-31,
0215,0,,Cáncer de testículo,4154565,SNOMED,1970-01-01,2099-12-31,
0904,0,,Oclusión o estenosis arterias precerebrales,443239,SNOMED,1970-01-01,2099-12-31,
0206,0,,Cáncer de bronquio y pulmón,443388,SNOMED,1970-01-01,2099-12-31,
1305,0,,Artritis reumatoide y enfermedades relacionadas,37160562,SNOMED,1970-01-01,2099-12-31,
0902,0,,Enfermedad cerebrovascular mal definida y otra,381591,SNOMED,1970-01-01,2099-12-31,
0201,0,,Cáncer de cabeza y cuello,4111017,SNOMED,1970-01-01,2099-12-31,
0513,0,,Otro trastorno del desarrollo,435244,SNOMED,1970-01-01,2099-12-31,
0216,0,,Cáncer de riñón y pelvis renal,4210317,SNOMED,1970-01-01,2099-12-31,
0510,0,,Trastorno personalidad y comportamiento adulto,441838,SNOMED,1970-01-01,2099-12-31,
0205,0,,Cáncer de páncreas,4180793,SNOMED,1970-01-01,2099-12-31,
0209,0,,Melanoma de piel,141232,SNOMED,1970-01-01,2099-12-31,
0203,0,,Cáncer colorrectal,37168850,SNOMED,1970-01-01,2099-12-31,
0207,0,,Cáncer de tiroides,4181483,SNOMED,1970-01-01,2099-12-31,
0204,0,,Cáncer de hígado y vías biliares,195209,SNOMED,1970-01-01,2099-12-31,
0208,0,,Cáncer de hueso y tejidos blandos,4111020,SNOMED,1970-01-01,2099-12-31,
